{
    "pred_boxes": [
        [
            1892.4588623046875,
            29.36882972717285,
            3620.061767578125,
            2606.85107421875
        ],
        [
            48.58951950073242,
            0.0,
            1836.6715087890625,
            2578.670166015625
        ]
    ],
    "scores": [
        0.998788058757782,
        0.9977396726608276
    ],
    "pred_classes": [
        0,
        0
    ]
}